"","iso","xmin","xmax","ymin","ymax"
"1","ALB",18,21,39,42
"2","ARE",51,58,23,27
"3","ARG",-70,-52,-59,-32
"4","AUS",109,164,-48,-8
"5","BGD",89,93,17,24
"6","BHR",50,52,25,28
"7","BLZ",-89,-86,15,19
"8","BRA",-54,-26,-36,8
"9","BRN",111,116,4,8
"10","CAN",-141,-47,40,87
"11","CHL",-85,-65,-60,-18
"12","CHN",107,127,15,41
"13","COL",-85,-70,1,16
"14","CPV",-29,-19,11,21
"15","CRI",-91,-80,2,12
"16","CUB",-87,-73,18,26
"17","CYP",29,36,32,37
"18","DNK",3,17,54,59
"19","DOM",-74,-65,15,25
"20","DZA",-3,9,35,39
"21","ECU",-85,-78,-4,2
"22","EGY",25,38,22,34
"23","ESP",-14,7,35,47
"24","EST",20,29,57,60
"25","FIN",19,28,58,66
"26","FJI",-180,180,-26,-9
"27","FRA",-10,11,41,52
"28","FRO",-15,0,59,66
"29","GBR",-15,4,47,64
"30","GEO",38,42,41,44
"31","GHA",-4,3,1,7
"32","GLP",-63,-57,15,19
"33","GRC",18,31,33,42
"34","GTM",-95,-88,10,17
"35","GUM",141,149,10,16
"36","GUY",-60,-55,5,11
"37","HND",-89,-80,12,20
"38","HRV",13,19,41,46
"39","IDN",92,142,-14,8
"40","IND",65,90,4,24
"41","IRL",-17,-5,48,57
"42","IRN",48,62,23,31
"43","ISL",-31,-5,59,70
"44","ISR",32,36,29,34
"45","ITA",5,19,35,46
"46","JPN",122,158,17,47
"47","KEN",39,45,-5,-1
"48","KHM",101,105,8,12
"49","KIR",-180,180,-14,8
"50","KNA",-64,-62,16,18
"51","KOR",122,134,30,40
"52","KWT",47,50,28,31
"53","LBN",33,36,33,35
"54","LKA",77,86,2,12
"55","MAR",-14,-2,27,37
"56","MDG",40,54,-29,-10
"57","MDV",69,78,-4,9
"58","MEX",-123,-84,11,33
"59","MLT",13,18,34,37
"60","MMR",90,99,9,22
"61","MNE",18,20,41,43
"62","MNP",141,150,12,24
"63","MOZ",32,44,-28,-10
"64","MTQ",-63,-57,14,17
"65","MUS",53,68,-24,-8
"66","MYS",98,120,1,9
"67","MYT",41,46,-15,-8
"68","NCL",156,171,-27,-14
"69","NGA",2,9,1,7
"70","NIC",-90,-79,9,17
"71","NOR",-1,37,56,75
"72","NRU",163,169,-4,3
"73","NZL",-180,180,-56,-25
"74","OMN",53,64,13,27
"75","PAK",61,69,20,26
"76","PAN",-85,-77,4,13
"77","PER",-85,-70,-21,-3
"78","PHL",113,130,3,23
"79","PLW",129,137,1,12
"80","PNG",139,163,-15,3
"81","PRK",123,134,36,43
"82","PRT",-14,-7,34,42
"83","PSE",34,35,31,32
"84","PYF",-159,-131,-32,-4
"85","QAT",50,54,24,28
"86","REU",51,59,-25,-18
"87","RUS",-180,180,39,86
"88","SAU",34,52,16,30
"89","SEN",-21,-15,10,17
"90","SGP",103,105,1,2
"91","SLB",154,174,-17,-4
"92","SLV",-92,-87,9,14
"93","SUR",-58,-52,5,10
"94","SWE",10,25,54,66
"95","SYC",43,60,-13,0
"96","THA",95,104,5,14
"97","TLS",124,129,-12,-8
"98","TUN",7,14,33,39
"99","TUR",25,42,34,44
"100","TUV",-180,180,-14,-3
"101","TWN",114,124,17,27
"102","TZA",38,44,-11,-4
"103","USA",-130,-65,23,50
"104","VEN",-73,-58,8,17
"105","VNM",102,113,6,22
"106","VUT",163,174,-22,-12
"107","WSM",-175,-170,-16,-10
"108","ZAF",13,37,-39,-26
