iso3,name,iso2,pad_km,bbox_xmin,bbox_xmax,bbox_ymin,bbox_ymax,bbox_land_xmin,bbox_land_ymin,bbox_land_xmax,bbox_land_ymax,bbox_full_xmin,bbox_full_ymin,bbox_full_xmax,bbox_full_ymax,label_lon,label_lat
ABW,Aruba,AW,0,,,,,-70.99,11.51,-68.95,13.54,,,,,-69.9728,12.5174
AFG,Afghanistan,AF,0,,,,,59.32,28.48,76.06,39.38,,,,,66.4966,34.1643
AGO,Angola,AO,0,,,,,10.71,-18.93,25.02,-3.49,,,,,17.9842,-12.1828
AIA,Anguilla,AI,0,,,,,-64.39,17.27,-61.97,19.5,,,,,-63.0264,18.243
ALA,Aland,AX,0,,,,,17.63,59,22.98,61.38,,,,,19.8697,60.1565
ALB,Albania,AL,0,18,21,39,42,18.03,38.73,22.28,43.56,,,,,20.1138,40.6549
AND,Andorra,AD,0,,,,,0.16,41.53,3.01,43.55,,,,,1.5394,42.5476
ARE,United Arab Emirates,AE,0,51,58,23,27,50.56,21.72,57.4,26.98,,,,,54.5473,23.4663
ARG,Argentina,AR,0,-70,-52,-59,-32,-75.18,-55.96,-52.05,-20.88,,,,,-64.1733,-33.5012
ARM,Armenia,AM,0,,,,,42.22,37.96,47.82,42.19,,,,,44.8006,40.4591
ASM,American Samoa,AS,0,,,,,-172.02,-15.44,-167.22,-10.15,,,,,-170.7472,-14.3267
ATA,Antarctica,AQ,0,,,,,-180,-90,180,-59.61,,,,,35.8855,-79.8432
ATF,French Southern and Antarctic Lands,TF,0,,,,,67.19,-50.62,71.99,-47.66,38.31,-50.62,79.01,-10.65,69.1221,-49.3037
ATG,Antigua and Barbuda,AG,0,,,,,-63.3,16.03,-60.71,18.63,,,,,-61.7906,17.3522
AUS,Australia,AU,0,109,164,-48,-8,111.65,-44.54,154.9,-8.34,111.32,-55.65,160.7,-8.34,134.0497,-24.1295
AUT,Austria,AT,0,,,,,8.12,45.48,18.55,49.91,,,,,14.1305,47.5189
AZE,Azerbaijan,AZ,0,,,,,43.55,37.49,51.85,42.79,,,,,47.211,40.4024
BDI,Burundi,BI,0,,,,,28.08,-5.37,31.74,-1.4,,,,,29.9171,-3.3328
BEL,Belgium,BE,0,,,,,1.04,48.59,7.85,52.4,,,,,4.8004,50.7854
BEN,Benin,BJ,0,,,,,-0.17,5.31,4.77,13.3,,,,,2.352,10.3248
BES,Caribbean Netherlands,BQ,0,,,,,-69.35,11.12,-67.26,13.21,-69.37,11.12,-61.99,18.55,-68.2876,12.1865
BFA,Burkina Faso,BF,0,,,,,-6.46,8.49,3.33,15.98,,,,,-1.3639,12.673
BGD,Bangladesh,BD,0,89,93,17,24,87,19.84,93.66,27.53,,,,,89.685,24.215
BGR,Bulgaria,BG,0,,,,,21.07,40.33,29.88,45.13,,,,,25.1571,42.5088
BHR,Bahrain,BH,0,50,52,25,28,49.37,24.68,51.83,27.19,,,,,50.5548,26.056
BHS,The Bahamas,BS,0,,,,,-80.62,20.01,-71.73,27.83,,,,,-77.1467,26.4018
BIH,Bosnia and Herzegovina,BA,0,,,,,14.41,41.66,20.92,46.19,,,,,18.0684,44.0911
BLM,Saint Barthelemy,BL,0,,,,,-63.82,16.98,-61.84,18.83,,,,,-62.8332,17.902
BLR,Belarus,BY,0,,,,,21.51,50.33,34.38,57.06,,,,,28.4177,53.8219
BLZ,Belize,BZ,0,-89,-86,15,19,-90.19,14.98,-86.83,19.39,,,,,-88.713,17.2021
BMU,Bermuda,BM,0,,,,,-65.97,31.34,-63.57,33.29,,,,,-64.7636,32.2966
BOL,Bolivia,BO,0,,,,,-70.65,-23.8,-56.48,-8.78,,,,,-64.5934,-16.666
BRA,Brazil,BR,0,-54,-26,-36,8,-75.12,-34.65,-27.78,6.17,,,,,-49.5594,-12.0987
BRB,Barbados,BB,0,,,,,-60.59,12.15,-58.5,14.25,,,,,-59.569,13.1637
BRN,Brunei,BN,0,111,116,4,8,113.09,3.11,116.27,5.96,,,,,114.5519,4.4483
BTN,Bhutan,BT,0,,,,,87.7,25.79,93.12,29.26,,,,,90.0403,27.5367
BVT,Bouvet Island,BV,0,,,,,1.76,-55.37,5.07,-53.48,,,,,3.4131,-54.4193
BWA,Botswana,BW,0,,,,,18.96,-27.8,30.37,-16.88,,,,,24.1792,-22.1026
CAF,Central African Republic,CF,0,,,,,13.46,1.33,28.36,11.9,,,,,20.9069,6.9897
CAN,Canada,CA,0,-141,-47,40,87,-149.63,40.77,-44,84.02,,,,,-101.9107,60.3243
CHE,Switzerland,CH,0,,,,,4.59,44.92,11.83,48.7,,,,,7.464,46.7191
CHL,Chile,CL,0,-85,-65,-60,-18,-82.42,-56.82,-64.77,-16.6,-111.1,-56.82,-64.77,-16.6,-72.3189,-38.1518
CHN,China,CN,0,107,127,15,41,72.05,14.87,136.32,54.47,,,,,106.3373,32.4982
CIV,Ivory Coast,CI,0,,,,,-9.54,3.44,-1.58,11.63,,,,,-5.5686,7.4914
CMR,Cameroon,CM,0,,,,,7.57,0.75,17.14,13.98,,,,,12.4735,4.585
COD,Democratic Republic of the Congo,CD,0,,,,,11.28,-14.36,32.21,6.28,,,,,23.4588,-1.8582
COG,Republic of the Congo,CG,0,,,,,10.21,-5.92,19.55,4.61,,,,,15.9005,0.1423
COK,Cook Islands,CK,0,,,,,-160.83,-22.84,-156.33,-17.93,-166.8,-22.84,-156.33,-8.04,-159.7857,-21.216
COL,Colombia,CO,0,-85,-70,1,16,-82.66,-5.14,-65.94,14.48,,,,,-73.1743,3.3731
COM,Comoros,KM,0,,,,,42.29,-13.28,45.46,-10.46,,,,,43.3181,-11.7277
CPV,Cabo Verde,CV,0,-29,-19,11,21,-26.31,13.9,-21.72,18.1,,,,,-23.6394,15.0748
CRI,Costa Rica,CR,0,-91,-80,2,12,-88.04,4.61,-81.64,12.11,,,,,-84.0779,10.0651
CUB,Cuba,CU,0,-87,-73,18,26,-85.94,18.92,-73.14,24.17,,,,,-77.9759,21.334
CUW,Curaçao,CW,0,,,,,-70.1,11.14,-67.81,13.29,,,,,-68.9206,12.145
CYM,Cayman Islands,KY,0,,,,,-82.38,18.36,-78.76,20.66,,,,,-81.2405,19.3199
CYP,Cyprus,CY,0,29,36,32,37,31.16,33.72,35.22,36.09,,,,,33.0842,34.9133
CZE,Czechia,CZ,0,,,,,10.61,47.65,20.3,51.94,,,,,15.3776,49.8824
DEU,Germany,DE,0,,,,,4.24,46.37,16.63,55.97,,,,,9.6783,50.9617
DJI,Djibouti,DJ,0,,,,,40.82,10.03,44.35,13.61,,,,,42.4988,11.9763
DMA,Dominica,DM,0,,,,,-62.43,14.3,-60.31,16.54,,,,,-61.345,15.4588
DNK,Denmark,DK,0,3,17,54,59,6.36,53.67,16.88,58.65,,,,,9.0182,55.967
DOM,Dominican Republic,DO,0,-74,-65,15,25,-72.98,16.64,-67.36,20.84,,,,,-70.654,19.1041
DZA,Algeria,DZ,0,-3,9,35,39,-9.83,18.07,13.11,38,,,,,2.8082,27.3974
ECU,Ecuador,EC,0,-85,-78,-4,2,-81.92,-5.91,-74.32,2.34,-92.92,-5.91,-74.32,2.57,-78.1884,-1.2591
EGY,Egypt,EG,0,25,38,22,34,23.62,21.09,37.97,32.56,,,,,29.4458,26.1862
ERI,Eritrea,ER,0,,,,,35.47,11.46,44.08,18.91,,,,,38.2856,15.7874
ESH,Western Sahara,EH,0,,,,,-18.13,19.86,-7.65,28.56,,,,,-12.6303,23.9676
ESP,Spain,ES,0,-14,7,35,47,-10.56,34.27,5.61,44.7,-19.44,26.74,5.61,44.7,-3.4647,40.091
EST,Estonia,EE,0,20,29,57,60,20,56.61,30.02,60.57,,,,,25.8671,58.7249
ETH,Ethiopia,ET,0,,,,,32.05,2.5,48.92,15.78,,,,,39.0886,8.0328
FIN,Finland,FI,0,19,28,58,66,17.86,58.91,34.33,70.98,,,,,27.2764,63.2524
FJI,Fiji,FJ,0,-180,180,-26,-9,173.61,-22.61,182.76,-11.57,,,,,177.9754,-17.8261
FLK,Falkland Islands,FK,0,,,,,-62.83,-53.31,-56.23,-50.12,,,,,-58.7386,-51.6089
FRA,France,,0,-10,11,41,52,-6.6,40.46,11.02,51.99,,,,,2.5523,46.6961
FRO,Faroe Islands,FO,0,-15,0,59,66,-9.65,60.49,-4.27,63.3,,,,,-7.0584,62.1856
FSM,Federated States of Micronesia,FM,0,,,,,137.14,0.01,163.97,10.68,,,,,158.234,6.8876
GAB,Gabon,GA,0,,,,,7.79,-4.84,15.41,3.23,,,,,11.8359,-0.4377
GBR,United Kingdom,GB,0,-15,4,47,64,-10.52,49.01,3.67,61.75,-15.59,49.01,3.67,61.75,-2.1163,54.4027
GEO,Georgia,GE,0,38,42,41,44,38.72,40.14,47.96,44.48,,,,,43.7357,41.8701
GGY,Guernsey,GG,0,,,,,-4.09,48.51,-0.75,50.63,,,,,-2.5617,49.4635
GHA,Ghana,GH,0,-4,3,1,7,-4.19,3.83,2.11,12.07,,,,,-1.0369,7.7176
GIB,Gibraltar,GI,0,,,,,-6.49,35.21,-4.21,37.04,,,,,-5.3467,36.1294
GIN,Guinea,GN,0,,,,,-16.01,6.29,-6.73,13.58,,,,,-10.0164,10.6185
GLP,Guadeloupe,GP,0,-63,-57,15,19,-62.74,14.94,-60.04,17.42,,,,,-61.6745,16.1669
GMB,Gambia,GM,0,,,,,-17.76,12.16,-12.88,14.72,,,,,-14.9983,13.6417
GNB,Guinea-Bissau,GW,0,,,,,-17.66,10.02,-12.73,13.58,,,,,-14.5241,12.1637
GNQ,Equatorial Guinea,GQ,0,,,,,4.71,-2.38,12.24,4.68,,,,,8.9902,2.333
GRC,Greece,GR,0,18,31,33,42,18.4,33.91,29.47,42.65,,,,,21.7257,39.4928
GRD,Grenada,GD,0,,,,,-62.72,11.1,-60.49,13.43,,,,,-61.6805,12.1132
GRL,Greenland,GL,0,,,,,-82.49,58.89,-1.94,84.54,,,,,-39.3353,74.3194
GTM,Guatemala,GT,0,-95,-88,10,17,-93.2,12.83,-87.27,18.72,,,,,-90.4971,14.9821
GUF,French Guiana,GF,0,,,,,-55.52,1.21,-50.74,6.65,,,,,-53.2446,3.9225
GUM,Guam,GU,0,141,149,10,16,143.69,12.34,145.89,14.56,,,,,144.7036,13.3542
GUY,Guyana,GY,0,-60,-55,5,11,-62.31,0.28,-55.57,9.46,,,,,-58.9426,5.1243
HKG,Hong Kong S.A.R.,HK,0,,,,,112.85,21.27,115.39,23.47,,,,,114.0978,22.4488
HMD,Heard Island and McDonald Islands,HM,0,,,,,71.7,-54.1,75.35,-52.06,,,,,73.5052,-53.1035
HND,Honduras,HN,0,-89,-80,12,20,-90.32,12.08,-82.18,18.32,,,,,-86.8876,14.7948
HRV,Croatia,HR,0,13,19,41,46,12.17,41.51,20.74,47.45,,,,,16.3724,45.8058
HTI,Haiti,HT,0,,,,,-75.46,17.12,-70.67,20.99,,,,,-72.2241,19.2638
HUN,Hungary,HU,0,,,,,14.71,44.84,24.26,49.47,,,,,19.4479,47.0868
IDN,Indonesia,ID,0,92,142,-14,8,94.09,-11.83,141.9,6.81,,,,,101.8929,-0.9544
IMN,Isle of Man,IM,0,,,,,-6.37,53.15,-2.73,55.32,,,,,-4.5301,54.2208
IND,India,IN,0,65,90,4,24,67.02,5.84,98.48,36.4,,,,,79.3581,22.6869
IOT,British Indian Ocean Territory,IO,0,,,,,70.35,-8.34,73.41,-4.32,,,,,71.3483,-6.1908
IRL,Ireland,IE,0,-17,-5,48,57,-12.1,50.54,-4.37,56.29,,,,,-7.7986,53.0787
IRN,Iran,IR,0,48,62,23,31,42.83,24.16,64.51,40.67,,,,,54.9315,32.1662
IRQ,Iraq,IQ,0,,,,,37.63,28.16,49.71,38.28,,,,,43.2618,33.094
ISL,Iceland,IS,0,-31,-5,59,70,-26.89,62.49,-11.15,67.47,,,,,-18.6737,64.7793
ISR,Israel,IL,0,32,36,29,34,33.16,28.59,36.98,34.31,,,,,34.8479,30.9111
ITA,Italy,IT,0,5,19,35,46,5.26,34.59,19.86,47.99,,,,,11.0769,44.7325
JAM,Jamaica,JM,0,,,,,-79.33,16.8,-75.23,19.43,,,,,-77.3188,18.1371
JEY,Jersey,JE,0,,,,,-3.65,48.27,-0.6,50.17,,,,,-2.0901,49.2208
JOR,Jordan,JO,0,,,,,33.86,28.29,40.38,34.27,,,,,36.376,30.805
JPN,Japan,JP,0,122,158,17,47,121.63,23.31,147.13,46.42,121.63,23.31,155.29,46.42,138.4422,36.1425
KAZ,Kazakhstan,KZ,0,,,,,44.85,39.68,88.95,56.34,,,,,68.6855,49.0541
KEN,Kenya,KE,0,39,45,-5,-1,32.98,-5.58,42.79,5.93,,,,,37.9076,0.549
KGZ,Kyrgyzstan,KG,0,,,,,67.97,38.29,81.51,44.17,,,,,74.5326,41.6685
KHM,Cambodia,KH,0,101,105,8,12,101.38,9.51,108.55,15.61,,,,,104.5049,12.6476
KIR,Kiribati,KI,0,-180,180,-14,8,-161.32,0.81,-156.27,5.63,168.6,-12.36,209.14,5.63,-157.3846,1.8204
KNA,Saint Kitts and Nevis,KN,0,-64,-62,16,18,-63.81,16.2,-61.59,18.32,,,,,-62.758,17.3366
KOR,South Korea,KR,0,122,134,30,40,123.44,32.29,133.03,39.53,,,,,128.1295,36.3849
KWT,Kuwait,KW,0,47,50,28,31,45.48,27.63,49.49,31,,,,,47.314,29.4136
LAO,Laos,LA,0,,,,,99.11,13.01,108.65,23.4,,,,,102.5339,19.4318
LBN,Lebanon,LB,0,33,36,33,35,33.99,32.15,37.71,35.59,,,,,35.9929,34.1334
LBR,Liberia,LR,0,,,,,-12.39,3.44,-6.47,9.47,,,,,-9.4604,6.4472
LBY,Libya,LY,0,,,,,8.2,18.59,26.25,34.08,,,,,18.011,26.6389
LCA,Saint Lucia,LC,0,,,,,-62.01,12.81,-59.95,15.02,,,,,-60.9801,13.8924
LIE,Liechtenstein,LI,0,,,,,8.12,46.15,10.97,48.17,,,,,9.5594,47.1114
LKA,Sri Lanka,LK,0,77,86,2,12,78.74,5.02,82.81,10.73,,,,,80.7048,7.5811
LSO,Lesotho,LS,0,,,,,25.94,-31.56,30.5,-27.67,,,,,28.2466,-29.4802
LTU,Lithuania,LT,0,,,,,19.25,52.98,28.47,57.35,,,,,24.0899,55.1037
LUX,Luxembourg,LU,0,,,,,4.28,48.54,7.94,51.08,,,,,6.0776,49.7337
LVA,Latvia,LV,0,,,,,19.22,54.76,29.97,58.98,,,,,25.4587,57.0669
MAC,Macao S.A.R,MO,0,,,,,112.54,21.2,114.57,23.12,,,,,113.556,22.1297
MAF,Saint Martin,MF,0,,,,,-64.1,17.13,-62.06,19.03,,,,,-63.0494,18.0813
MAR,Morocco,MA,0,-14,-2,27,37,-18.14,20.52,0.1,36.83,,,,,-7.1873,31.6507
MCO,Monaco,MC,0,,,,,6.1,42.81,8.71,44.67,,,,,7.3983,43.7397
MDA,Moldova,MD,0,,,,,25.23,44.56,31.52,49.39,,,,,28.4879,47.435
MDG,Madagascar,MG,0,40,54,-29,-10,42.21,-26.5,51.51,-11.04,,,,,46.7042,-18.6283
MDV,Maldives,MV,0,69,78,-4,9,71.77,-1.59,74.67,8.01,,,,,73.5076,4.1744
MEX,Mexico,MX,0,-123,-84,11,33,-119.45,13.64,-85.62,33.62,,,,,-102.2894,23.92
MHL,Marshall Islands,MH,0,,,,,164.34,3.67,172.97,15.51,,,,,171.1936,7.0826
MKD,North Macedonia,MK,0,,,,,19.21,39.95,24.25,43.27,,,,,21.5558,41.5582
MLI,Mali,ML,0,,,,,-13.27,9.24,5.24,25.9,,,,,-2.0385,18.6927
MLT,Malta,MT,0,13,18,34,37,13.05,34.9,15.7,36.98,,,,,14.433,35.8929
MMR,Myanmar,MM,0,90,99,9,22,91.14,8.89,102.21,29.44,,,,,95.8045,21.5739
MNE,Montenegro,ME,0,18,20,41,43,17.17,40.95,21.62,44.45,,,,,19.1437,42.8031
MNG,Mongolia,MN,0,,,,,86.24,40.68,121.41,53.03,,,,,104.1504,45.9975
MNP,Northern Mariana Islands,MP,0,141,150,12,24,143.93,13.21,146.84,21.46,,,,,145.7344,15.1882
MOZ,Mozambique,MZ,0,32,44,-28,-10,29.19,-27.76,41.87,-9.57,,,,,37.8379,-13.9432
MRT,Mauritania,MR,0,,,,,-18.11,13.83,-3.8,28.19,,,,,-9.7403,19.5871
MSR,Montserrat,MS,0,,,,,-63.18,15.77,-61.19,17.72,,,,,-62.1883,16.7372
MTQ,Martinique,MQ,0,-63,-57,14,17,-62.17,13.5,-59.87,15.78,,,,,-61.0176,14.6564
MUS,Mauritius,MU,0,53,68,-24,-8,56.33,-21.42,58.77,-19.08,55.55,-21.42,64.46,-9.42,57.5658,-20.2995
MWI,Malawi,MW,0,,,,,31.71,-18.04,36.85,-8.48,,,,,33.6081,-13.3867
MYS,Malaysia,MY,0,98,120,1,9,98.73,-0.05,120.19,8.26,,,,,113.8371,2.5287
MYT,Mayotte,YT,0,41,46,-15,-8,44.11,-13.89,46.22,-11.74,,,,,45.1375,-12.8189
NAM,Namibia,NA,0,,,,,10.68,-29.86,26.3,-16.05,,,,,17.1082,-20.5753
NCL,New Caledonia,NC,0,156,171,-27,-14,162.63,-23.57,172.33,-18.72,,,,,165.084,-21.0647
NER,Niger,NE,0,,,,,-0.84,10.79,16.96,24.42,,,,,9.5044,17.4462
NFK,Norfolk Island,NF,0,,,,,166.87,-29.98,169.04,-28.09,,,,,167.9545,-29.033
NGA,Nigeria,NG,0,2,9,1,7,1.74,3.37,15.6,14.78,,,,,7.5032,9.4398
NIC,Nicaragua,NI,0,-90,-79,9,17,-88.63,9.81,-81.79,15.93,,,,,-85.0693,12.6707
NIU,Niue,NU,0,,,,,-170.91,-20.05,-168.82,-18.06,,,,,-169.8626,-19.046
NLD,Netherlands,NL,0,,,,,1.8,49.84,8.75,54.46,,,,,5.6114,52.4222
NOR,Norway,,0,-1,37,56,75,1.72,57.09,34,72.07,,,,,9.68,61.3571
NPL,Nepal,NP,0,,,,,78.97,25.44,89.23,31.32,,,,,83.6399,28.2979
NRU,Nauru,NR,0,163,169,-4,3,166,-1.46,167.86,0.41,,,,,166.9326,-0.5203
NZL,New Zealand,NZ,0,-180,180,-56,-25,164.37,-53.5,180.36,-33.24,164.37,-53.5,190.33,-7.64,172.787,-39.759
OMN,Oman,OM,0,53,64,13,27,50.96,15.74,60.86,27.29,,,,,57.3366,22.1204
PAK,Pakistan,PK,0,61,69,20,26,59.7,22.79,78.19,37.96,,,,,68.5456,29.3284
PAN,Panama,PA,0,-85,-77,4,13,-83.97,6.3,-76.24,10.53,,,,,-80.3521,8.722
PCN,Pitcairn Islands,PN,0,,,,,-131.76,-25.98,-123.77,-23.02,,,,,-128.3175,-24.3646
PER,Peru,PE,0,-85,-70,-21,-3,-82.29,-19.24,-67.73,0.87,,,,,-72.9002,-12.9767
PHL,Philippines,PH,0,113,130,3,23,115.98,3.75,127.59,22.03,,,,,122.465,11.198
PLW,Palau,PW,0,129,137,1,12,130.22,2.05,135.64,9,,,,,134.5802,7.5183
PNG,Papua New Guinea,PG,0,139,163,-15,3,139.92,-12.54,156.89,-0.44,,,,,143.9102,-5.6953
POL,Poland,PL,0,,,,,12.52,48.09,25.74,55.74,,,,,19.4905,51.9903
PRI,Puerto Rico,PR,0,,,,,-68.9,17.02,-64.29,19.43,,,,,-66.4811,18.2347
PRK,North Korea,KP,0,123,134,36,43,122.96,36.77,131.95,43.91,,,,,126.4445,39.8853
PRT,Portugal,PT,0,-14,-7,34,42,-10.73,36.06,-4.97,43.06,-32.52,29.13,-4.97,43.06,-8.2718,39.6067
PRY,Paraguay,PY,0,,,,,-63.68,-28.49,-53.22,-18.38,,,,,-60.1464,-21.6745
PSE,Palestine,PS,0,34,35,31,32,33.12,30.31,36.65,33.45,,,,,35.2913,32.0474
PYF,French Polynesia,PF,0,-159,-131,-32,-4,-155.56,-28.54,-133.92,-7.05,,,,,-149.4616,-17.6281
QAT,Qatar,QA,0,50,54,24,28,49.74,23.66,52.63,27.06,,,,,51.1435,25.2374
REU,Reunion,RE,0,51,59,-25,-18,54.25,-22.27,56.83,-19.96,,,,,55.5417,-21.1195
ROU,Romania,RO,0,,,,,18.86,42.75,31.08,49.18,,,,,24.9726,45.7332
RUS,Russia,RU,0,-180,180,39,86,19.81,40.29,187.13,82.76,12.48,40.29,198.14,82.76,44.6865,58.2494
RWA,Rwanda,RW,0,,,,,27.95,-3.73,31.79,-0.16,,,,,30.1039,-1.8972
SAU,Saudi Arabia,SA,0,34,52,16,30,33.5,15.47,56.71,33.02,,,,,44.6996,23.8069
SDN,Sudan,SD,0,,,,,20.83,7.78,39.59,23.13,,,,,29.2607,16.3307
SEN,Senegal,SN,0,-21,-15,10,17,-18.48,11.4,-10.43,17.59,,,,,-14.7786,15.1381
SGP,Singapore,SG,0,103,105,1,2,102.74,0.36,104.91,2.35,,,,,103.8169,1.3666
SGS,South Georgia and the Islands,GS,0,,,,,-39.69,-55.79,-34.18,-53.07,-39.91,-60.38,-24.42,-53.07,-36.6837,-54.3677
SHN,Saint Helena,SH,0,,,,,-15.36,-16.92,-4.71,-6.97,-15.62,-41.3,-4.45,-6.97,-5.7126,-15.9505
SJM,Svalbard and Jan Mayen,SJ,0,,,,,4.28,73.44,39.84,81.67,-15.32,69.9,39.84,81.67,15.9011,78.61
SLB,Solomon Islands,SB,0,154,174,-17,-4,154.58,-13.19,169.75,-5.7,,,,,159.1705,-8.0295
SLE,Sierra Leone,SL,0,,,,,-14.22,6.02,-9.36,10.9,,,,,-11.7637,8.6174
SLV,El Salvador,SV,0,-92,-87,9,14,-91.05,12.26,-86.76,15.35,,,,,-88.8901,13.6854
SMR,San Marino,SM,0,,,,,11.11,42.99,13.77,44.89,,,,,12.4412,43.9339
SOM,Somalia,SO,0,,,,,40.04,-2.6,52.34,12.89,,,,,45.1924,3.5689
SPM,Saint Pierre and Miquelon,PM,0,,,,,-57.75,45.85,-54.8,48.04,,,,,-56.3324,47.0403
SRB,Republic of Serbia,RS,0,,,,,17.52,41.33,24.31,47.08,,,,,20.788,44.1899
SSD,South Sudan,SS,0,,,,,23.19,2.59,36.85,13.12,,,,,30.3902,7.2305
STP,São Tomé and Principe,ST,0,,,,,5.56,-0.88,8.37,2.6,,,,,7.021,0.9709
SUR,Suriname,SR,0,-58,-52,5,10,-58.98,0.93,-53.08,6.91,,,,,-55.9109,4.144
SVK,Slovakia,SK,0,,,,,15.43,46.85,23.96,50.51,,,,,19.0499,48.734
SVN,Slovenia,SI,0,,,,,12.02,44.52,17.86,47.77,,,,,14.9153,46.0608
SWE,Sweden,SE,0,10,25,54,66,8.48,54.44,26.79,69.94,,,,,19.0171,65.8592
SWZ,eSwatini,SZ,0,,,,,29.76,-28.22,33.14,-24.83,,,,,31.4673,-26.5337
SXM,Sint Maarten,SX,0,,,,,-64.07,17.12,-62.06,18.97,,,,,-63.0701,18.0409
SYC,Seychelles,SC,0,43,60,-13,0,45.29,-10.66,57.21,-2.89,,,,,55.4802,-4.6767
SYR,Syria,SY,0,,,,,34.57,31.41,43.53,38.23,,,,,38.2778,35.0066
TCA,Turks and Caicos Islands,TC,0,,,,,-73.46,20.39,-70.15,22.86,,,,,-71.7527,21.8166
TCD,Chad,TD,0,,,,,12.46,6.55,24.98,24.35,,,,,18.645,15.143
TGO,Togo,TG,0,,,,,-1.09,5.2,2.71,12.04,,,,,1.0581,8.8072
THA,Thailand,TH,0,95,104,5,14,96.38,4.73,106.62,21.35,,,,,101.0732,15.4597
TJK,Tajikistan,TJ,0,,,,,66.13,35.78,76.38,41.94,,,,,72.5873,38.1998
TKM,Turkmenistan,TM,0,,,,,51.19,34.24,67.89,43.69,,,,,58.6766,39.8552
TLS,East Timor,TL,0,124,129,-12,-8,123.11,-10.4,128.23,-7.23,,,,,125.8547,-8.8037
TON,Tonga,TO,0,,,,,-177.2,-23.24,-172.93,-14.66,,,,,-175.163,-21.21
TTO,Trinidad and Tobago,TT,0,,,,,-62.85,9.14,-59.6,12.25,,,,,-60.9184,10.9989
TUN,Tunisia,TN,0,7,14,33,39,6.33,29.33,12.71,38.25,,,,,9.0079,33.6873
TUR,Turkey,TR,0,25,42,34,44,24.43,34.92,46.04,43,,,,,34.5083,39.3454
TUV,Tuvalu,TV,0,-180,180,-14,-3,175.21,-10.32,180.82,-4.77,,,,,179.2096,-8.5137
TWN,Taiwan,CN-TW,0,114,124,17,27,117.27,21,123.01,26.19,,,,,120.8682,23.6524
TZA,United Republic of Tanzania,TZ,0,38,44,-11,-4,28.4,-12.63,41.37,-0.08,,,,,34.9592,-6.0519
UGA,Uganda,UG,0,,,,,28.64,-2.38,35.91,5.12,,,,,32.9486,1.9726
UKR,Ukraine,UA,0,,,,,20.63,44.31,41.67,53.27,,,,,32.1409,49.7247
UMI,United States Minor Outlying Islands,UM,0,,,,,-163.31,-1.29,-159.1,7.35,165.59,-1.29,286.03,29.12,-162.0765,5.8808
URY,Uruguay,UY,0,,,,,-59.55,-35.88,-52,-29.19,,,,,-55.9669,-32.9611
USA,United States of America,US,0,-130,-65,23,50,-126.14,23.64,-65.57,50.27,169.51,18,295.98,72.32,-97.4826,39.5385
UZB,Uzbekistan,UZ,0,,,,,54.67,36.28,74.46,46.46,,,,,64.0054,41.6936
VAT,Vatican,VA,0,,,,,11.22,41,13.68,42.81,,,,,12.4534,41.9033
VCT,Saint Vincent and the Grenadines,VC,0,,,,,-62.39,11.68,-60.19,14.28,,,,,-61.3359,13.0879
VEN,Venezuela,VE,0,-73,-58,8,17,-74.33,-0.25,-58.87,16.61,,,,,-64.5994,7.1825
VGB,British Virgin Islands,VG,0,,,,,-65.73,17.43,-63.31,19.65,,,,,-64.6366,18.4266
VIR,United States Virgin Islands,VI,0,,,,,-66,16.78,-63.6,19.29,,,,,-64.7792,17.7467
VNM,Vietnam,VN,0,102,113,6,22,101.13,7.66,110.46,24.27,,,,,105.3873,21.7154
VUT,Vanuatu,VU,0,163,174,-22,-12,165.55,-21.16,170.87,-12.16,,,,,166.9088,-15.3715
WLF,Wallis and Futuna,WF,0,,,,,-179.12,-15.22,-175.19,-12.31,,,,,-178.1374,-14.2864
WSM,Samoa,WS,0,-175,-170,-16,-10,-173.72,-14.96,-170.5,-12.56,,,,,-172.4382,-13.6391
XKX,Kosovo,,0,,,,,18.77,40.94,23.03,44.17,,,,,20.8607,42.5936
YEM,Yemen,YE,0,,,,,41.59,11.21,55.5,19.9,,,,,45.8744,15.3282
ZAF,South Africa,ZA,0,13,37,-39,-26,15.36,-35.73,34,-21.22,15.13,-47.87,39.32,-21.22,23.6657,-29.7088
ZMB,Zambia,ZM,0,,,,,21.02,-18.97,34.63,-7.29,,,,,26.3953,-14.6608
ZWE,Zimbabwe,ZW,0,,,,,24.24,-23.3,34.03,-14.71,,,,,29.9254,-18.9116
